feature,importance
koi_prad,0.22037417851156832
koi_period,0.157772215536745
koi_duration,0.12785479099551023
koi_depth,0.12069508181981968
koi_insol,0.10370547336575753
koi_teq,0.07814886080935379
koi_steff,0.06928479464131711
koi_srad,0.06298496054154898
koi_slogg,0.05917964377837937
