feature,importance
koi_prad,0.22082888363040232
koi_period,0.14583862197535735
koi_duration,0.12844562723259717
koi_depth,0.11941491047874604
koi_insol,0.10922544559094265
koi_teq,0.08352791041530007
koi_steff,0.06994743415607911
koi_srad,0.06438207207063441
koi_slogg,0.05838909444994092
