feature,importance
koi_prad,0.21983069131966484
koi_period,0.1587378203538448
koi_duration,0.1276090034561123
koi_depth,0.12093780796625216
koi_insol,0.10329728904079273
koi_teq,0.07798030385621446
koi_steff,0.06961024358823586
koi_srad,0.06273954360666832
koi_slogg,0.059257296812214574
