feature,importance
koi_prad,0.22049938465417554
koi_period,0.14593740010771128
koi_duration,0.1278305890653823
koi_depth,0.11970400668106058
koi_insol,0.10899898024762447
koi_teq,0.08431450640260502
koi_steff,0.0690884479745222
koi_srad,0.06477185684810993
koi_slogg,0.058854828018808675
